name,description,price,images,created_at,updated_at,rating,categories
Liz Earle Superskin Face Serum 30ml Pump,A nutrient-rich serum formulated with cranberry seed oil and rosehip to improve skin elasticity and reduce the appearance of fine lines.,891000,"[""https://www.lizearle.com/dw/image/v2/BGJR_PRD/on/demandware.static/-/Sites-le-master-catalog/default/dwb49bf5fa/images/superskin/face-serum/PDP/LIZ-EARLE_SS-Face-Serum-30ml-pump-Phoenix-F33297-PDP-HERO-DESKTOP-3000x3000.jpg?sw=586&sh=586&sm=fit&q=85""]",2025-03-28 16:19:26.973915,2025-03-28 16:19:26.973915,,"[""Serum""]"
Estée Lauder Advanced Night Repair Synchronized Recovery Complex II 30ml,"Iconic night serum with ChronoluxCB™ technology that supports skin’s natural nighttime renewal for smoother, more radiant skin.",1033560,"[""https://m.esteelauder.com/media/export/cms/products/640x640/el_sku_PG5C01_640x640_0.jpg""]",2025-03-28 16:19:26.973915,2025-03-28 16:19:26.973915,,"[""Serum""]"
NIP+FAB Retinol Fix Serum Extreme 50ml,"A potent retinol-based serum designed to visibly reduce wrinkles, refine skin texture, and boost cell turnover overnight.",593010,"[""https://us.nipandfab.com/cdn/shop/products/What_schanged-serum.jpg?v=1681837843&width=1946""]",2025-03-28 16:19:26.973915,2025-03-28 16:19:26.973915,,"[""Serum""]"
Caudalie Resvératrol Lift Firming Serum (30ml),"Anti-aging serum powered by resveratrol and hyaluronic acid to visibly firm, plump, and contour facial features.",910800,"[""https://caudalie-americas.imgix.net/media/catalog/product/1/_/1_resveratrol-lift_serum_caudalie_packshot_offwhite_1.jpg?w=1000&h=1000&auto=format%2Ccompress&image-type=image""]",2025-03-28 16:19:26.973915,2025-03-28 16:19:26.973915,,"[""Serum""]"
La Roche-Posay Pure Vitamin C10 Serum 30ml,Brightening serum with pure Vitamin C and salicylic acid to smooth skin texture and reveal a luminous complexion.,752400,"[""https://www.laroche-posay.me/-/media/project/loreal/brand-sites/lrp/apac/mena/products/redermic/c10/la-roche-posay-productpage-anti-aging-pure-vitamin-c10-30ml-3337875660570-front.png""]",2025-03-28 16:19:26.973915,2025-03-28 16:19:26.973915,,"[""Serum""]"
Caudalie VineActiv Glow Activating Anti-Wrinkle Serum 30ml,Lightweight serum enriched with antioxidants that targets early signs of aging and revives tired-looking skin.,712800,"[""https://static.thcdn.com/images/large/original//productimg/1600/1600/11416698-2604897130741181.jpg""]",2025-03-28 16:19:26.973915,2025-03-28 16:19:26.973915,,"[""Serum""]"
Pai Skincare Instant Calm Redness Serum Sea Aster and Wild Oat 30ml,"Soothing serum tailored for sensitive skin, reduces redness and strengthens skin barrier with calming botanical extracts.",910800,"[""https://m.media-amazon.com/images/I/51+vVuMjijL.jpg""]",2025-03-28 16:19:26.973915,2025-03-28 16:19:26.973915,,"[""Serum""]"
Estée Lauder Perfectionist [CP+R] Wrinkle Lifting/Firming Serum 30ml,Fast-acting anti-wrinkle serum that visibly lifts and smooths skin while boosting collagen production.,1104840,"[""https://i5.walmartimages.com/asr/3050ed97-5e67-4bd1-9de2-83e33d1b6aa0.13ce0e6b44250fee8b41e8b0f88f6ef8.jpeg?odnHeight=768&odnWidth=768&odnBg=FFFFFF""]",2025-03-28 16:19:26.973915,2025-03-28 16:19:26.973915,,"[""Serum""]"
Pai Skincare Back to Life Hydration Serum 30ml,"A deeply hydrating serum using hyaluronic acid and fruit-derived sugars to restore moisture balance in dry, sensitive skin.",831600,"[""https://www.paiskincare.us/cdn/shop/files/5060139724678_3_600x.jpg?v=1730306380""]",2025-03-28 16:19:26.973915,2025-03-28 16:19:26.973915,,"[""Serum""]"
PIXI Overnight Glow Serum,"Exfoliating night serum with 10% glycolic acid that promotes a brighter, smoother complexion by morning.",514800,"[""https://m.media-amazon.com/images/I/61wbWlnALjL.jpg""]",2025-03-28 16:19:26.973915,2025-03-28 16:19:26.973915,,"[""Serum""]"
FOREO 'Serum Serum Serum' Micro-Capsule Youth Preserve,A silky-smooth serum featuring micro-capsules packed with squalane and antioxidants to support youthful-looking skin.,970200,"[""https://m.media-amazon.com/images/I/61cP5MX0lKL._AC_UF350,350_QL80_.jpg""]",2025-03-28 16:19:26.973915,2025-03-28 16:19:26.973915,,"[""Serum""]"
bareMinerals SkinLongevity Vital Power Infusion Serum 50ml,"Lightweight serum infused with long life herb, ginger, and niacinamide to enhance skin’s resilience and youthful glow.",950400,"[""https://static.thcdn.com/images/large/original//productimg/1600/1600/11262516-5314773775743540.jpg""]",2025-03-28 16:19:26.973915,2025-03-28 16:19:26.973915,,"[""Serum""]"
Indeed Labs Eysilix Serum 2 15ml,"A multi-peptide eye serum that targets puffiness, dark circles, and fine lines for a refreshed, lifted look.",395802,"[""https://indeedlabs.com/cdn/shop/files/eysilixtm-ii-indeed-laboratories-1_360x@2x.jpg?v=1721233632""]",2025-03-28 16:19:26.973915,2025-03-28 16:19:26.973915,,"[""Serum""]"
The Organic Pharmacy Stabilised Vitamin C Serum 30ml,"Brightening serum with stabilized Vitamin C to reduce pigmentation, even skin tone, and boost collagen synthesis.",891000,"[""https://m.media-amazon.com/images/I/61PnRTJhFxL._AC_UF1000,1000_QL80_.jpg""]",2025-03-28 16:19:26.973915,2025-03-28 16:19:26.973915,,"[""Serum""]"
Medik8 Crystal Retinal 6,"High-strength retinal serum that delivers visible anti-aging results, improving skin texture and reducing fine lines.",1168200,"[""https://www.medik8.com/cdn/shop/files/Copy_of_20240430_-_Crystal_Retinal_24_-_PDP_-_Crystal_Retinal_1_-_Packshot_-_ROW.jpg?v=1737116943&width=1024""]",2025-03-28 16:19:26.973915,2025-03-28 16:19:26.973915,,"[""Serum""]"
The Ordinary 10% Agireline Solution 30ml,,114840,"[""https://m.media-amazon.com/images/I/61PWnM72fpL._AC_UF1000,1000_QL80_.jpg""]",2025-03-28 16:19:26.973915,2025-03-28 16:19:26.973915,,"[""Serum""]"
PIXI Hydrating Milky Serum 30ml,"Deeply hydrating serum with jojoba oil and aloe vera that helps restore softness and moisture to dry, dull skin.",514800,"[""https://m.media-amazon.com/images/I/612anI9TGWL.jpg""]",2025-03-28 16:19:26.973915,2025-03-28 16:19:26.973915,,"[""Serum""]"
Elizabeth Arden Retinol Ceramide Capsules Line Erasing Night Serum - 60 Pieces (Sleeved Version),Single-use capsules combining retinol and ceramides to visibly reduce lines while strengthening the skin barrier.,1425600,"[""https://www.lookfantastic.com/images?url=https://static.thcdn.com/productimg/original/11845678-1454918724951544.jpg&format=webp&auto=avif&width=985&height=985&fit=cover""]",2025-03-28 16:19:26.973915,2025-03-28 16:19:26.973915,,"[""Serum""]"
Sukin Purely Ageless Firming Serum 30ml,Plant-powered serum with hibiscus and baobab to firm skin and soften the appearance of fine lines.,395010,"[""https://m.media-amazon.com/images/I/511wCPHQxSL.jpg""]",2025-03-28 16:19:26.973915,2025-03-28 16:19:26.973915,,"[""Serum""]"
Lancôme Advanced Génifique Youth Activating Serum 30ml,"Probiotic-enriched serum that strengthens the skin barrier and improves tone, texture, and radiance.",1060290,"[""https://www.eclair-parfumeries.com/20574-large_default/lancome-advanced-genifique-youth-activating-serum-concentrate.jpg""]",2025-03-28 16:19:26.973915,2025-03-28 16:19:26.973915,,"[""Serum""]"
Darphin Dark Circle Relief and De-Puffing Eye Serum 15ml,"Cooling eye serum with peptides and botanicals to reduce dark circles, puffiness, and signs of fatigue.",831600,"[""https://www.kroger.com/product/images/large/front/0088238102184""]",2025-03-28 16:19:26.973915,2025-03-28 16:19:26.973915,,"[""Serum""]"
ELEMIS Pro-Collagen Definition Face and Neck Serum 30ml,Targeted serum formulated to redefine facial contours and improve firmness around the face and neck.,1821600,"[""https://www.kroger.com/product/images/large/front/0064162850165""]",2025-03-28 16:19:26.973915,2025-03-28 16:19:26.973915,,"[""Serum""]"
Clinique Even Better Clinical Radical Dark Spot Corrector + Interrupter 50ml,Powerful serum that visibly corrects discoloration and prevents future dark spots with soothing ingredients.,1267200,"[""https://m.clinique.com/media/export/cms/products/1200x1500/cl_sku_KN1101_1200x1500_0.png""]",2025-03-28 16:19:26.973915,2025-03-28 16:19:26.973915,,"[""Serum""]"
Lancôme Advanced Génifique Eye and Lash Serum - Light Pearl 20ml,A dual-action serum with a cooling applicator that strengthens lashes and brightens the under-eye area.,882090,"[""https://www.lancome-usa.com/dw/image/v2/AANG_PRD/on/demandware.static/-/Sites-lancome-us-master-catalog/default/dwe505a8ed/pdp/100600/3605533432198_Packshot.jpg""]",2025-03-28 16:19:26.973915,2025-03-28 16:19:26.973915,,"[""Serum""]"
DECLÉOR Aromessence Magnolia Youthful Oil Serum 15ml 0.5oz,"Luxurious oil-serum infused with magnolia and ginger essential oils to smooth, firm, and nourish mature skin.",970200,"[""https://www.kroger.com/product/images/large/front/0339501740000""]",2025-03-28 16:19:26.973915,2025-03-28 16:19:26.973915,,"[""Serum""]"
Green People Age Defy+ Line Eraser Lip & Eye Serum (10ml),"Targeted serum for delicate lip and eye areas that hydrates, reduces fine lines, and boosts elasticity with sea holly stem cells.",546480,"[""https://cdn11.bigcommerce.com/s-mhzobovg3g/images/stencil/1280x1280/products/6928/25759/GRP0934__59272.1705418844.png?c=2""]",2025-03-28 16:19:26.973915,2025-03-28 16:19:26.973915,,"[""Serum""]"
L'Oréal Paris Revitalift Filler + Hyaluronic Acid Replumping Serum 16ml,"Concentrated hyaluronic acid serum that plumps and rehydrates for visibly smoother, fuller-looking skin.",395802,"[""https://static.thcdn.com/productimg/300/300/11205949-8754927997301762.jpg""]",2025-03-28 16:19:26.973915,2025-03-28 16:19:26.973915,,"[""Serum""]"
Tan-Luxe Super Glow Body Hyaluronic Self-Tan Serum 150ml,Gradual self-tanning serum with hyaluronic acid and antioxidants for a radiant glow and deeply hydrated skin.,693000,"[""https://m.media-amazon.com/images/I/51Cuw7-Cq-L.jpg""]",2025-03-28 16:19:26.973915,2025-03-28 16:19:26.973915,,"[""Serum""]"
Elizabeth Arden Skin Illuminating Advanced Brightening Night Capsules (50 Capsules),Nighttime brightening capsules with niacinamide and licorice extract to even tone and diminish dark spots.,1188000,"[""https://dimg.dillards.com/is/image/DillardsZoom/mainProduct/elizabeth-arden-skin-illuminating-brightening-night-capsules-with-advanced-mi-concentrate/04654506_zi.jpg""]",2025-03-28 16:19:26.973915,2025-03-28 16:19:26.973915,,"[""Serum""]"
Elizabeth Arden Prevage Advanced Daily Serum,High-performance anti-aging serum with Idebenone that defends against environmental damage and corrects visible signs of aging.,3564000,"[""https://www.elizabetharden.com/cdn/shop/files/2104-a0124504-prevage-daily-serum-2.0-1.7oz.jpg?v=1688768064&width=1080""]",2025-03-28 16:19:26.973915,2025-03-28 16:19:26.973915,,"[""Serum""]"
Too Faced Hangover Good in Bed Ultra-Hydrating Replenishing Serum 29ml,Hydration-boosting serum with coconut water and hyaluronic acid to plump and refresh tired skin overnight.,633600,"[""https://cdn.influenster.com/media/product/image/13335605_fpx.jpg""]",2025-03-28 16:19:26.973915,2025-03-28 16:19:26.973915,,"[""Serum""]"
By Terry Cellularose CC Serum 30ml (Various Shades),"Illuminating serum with color-correcting pigments and rose stem cells to brighten, even tone, and blur imperfections.",1207800,"[""https://s1.thcdn.com/design-assets/products/11307081/11307081/11307081-%281%29.jpg""]",2025-03-28 16:19:26.973915,2025-03-28 16:19:26.973915,,"[""Serum""]"
The Ordinary Amino Acids + B5,Hydrating treatment with amino acids and pro-vitamin B5 to support skin resilience and promote a healthy-looking complexion.,116820,"[""https://www.sephora.com/productimages/sku/s2210615-main-zoom.jpg?imwidth=315""]",2025-03-28 16:19:26.973915,2025-03-28 16:19:26.973915,,"[""Serum""]"
DECLÉOR Hydra Floral White Petal Skin Perfecting Concentrate 30ml,Brightening serum that targets dark spots and refines pores with sweet orange essential oil and pea extract.,720720,"[""https://static.thcdn.com/images/large/original/productimg/1600/1600/11474525-1574492859338428.jpg""]",2025-03-28 16:19:26.973915,2025-03-28 16:19:26.973915,,"[""Serum""]"
VICHY Minéral 89 Hyaluronic Acid Hydration Booster 50ml,Daily booster with 89% Vichy volcanic water and hyaluronic acid to fortify and plump dehydrated skin.,495000,"[""https://www.vichyusa.com/dw/image/v2/AANG_PRD/on/demandware.static/-/Sites-acd-vichy-master-catalog/default/dwfc8759c1/product/Mineral89/NEW-%20Vichy-Mineral-89-Hyaluronic-Acid-Face-Serum-50-ml-3337875543248-PDP-1%20(2).jpg""]",2025-03-28 16:19:26.973915,2025-03-28 16:19:26.973915,,"[""Serum""]"
Sanctuary Spa Hyaluronic Wonder Oil Serum 30ml,"Hybrid oil-serum that deeply hydrates and smooths skin texture with a fast-absorbing, non-greasy finish.",396000,"[""https://uk.sanctuary.com/wp-content/uploads/2022/05/Sanc_11794101_Image_1.png""]",2025-03-28 16:19:26.973915,2025-03-28 16:19:26.973915,,"[""Serum""]"
Lancôme Génifique Double Drop Serum 20ml,Two-phase serum that combines antioxidants and probiotics to instantly soothe and revive stressed skin.,1069200,"[""https://carsha.co/cdn/shop/files/002010000604_20210929_14095706_12_002010000604_1.jpg?v=1712681288&width=1946""]",2025-03-28 16:19:26.973915,2025-03-28 16:19:26.973915,,"[""Serum""]"
Estée Lauder Idealist Pore Minimizing Skin Refinisher 30ml,"Smoothing serum that visibly reduces pores and evens out skin texture for a flawless, refined finish.",837540,"[""https://www.kroger.com/product/images/large/front/0002713150550""]",2025-03-28 16:19:26.973915,2025-03-28 16:19:26.973915,,"[""Serum""]"
PIXI Glow Tonic Serum 30ml,"A resurfacing serum with glycolic acid and aloe vera to gently exfoliate, hydrate, and brighten the complexion.",514800,"[""https://cdn.shopify.com/s/files/1/1463/5858/products/Glow-Tonic-Serum-Close-20SEP18-web.jpg?v=1701458987""]",2025-03-28 16:19:26.973915,2025-03-28 16:19:26.973915,,"[""Serum""]"
Estée Lauder Perfectionist Pro Rapid Brightening Treatment with Ferment2+ Vitamin C 50ml,Advanced brightening serum with vitamin C and fermented ingredients to improve clarity and reduce discoloration.,1532520,"[""https://m.esteelauder.com/media/export/cms/products/640x640/el_sku_PR5Y01_640x640_0.jpg""]",2025-03-28 16:19:26.973915,2025-03-28 16:19:26.973915,,"[""Serum""]"
Estée Lauder Advanced Night Repair Synchronized Recovery Complex II 50ml,"Larger size of the cult-favorite night serum that restores, hydrates, and smooths while you sleep.",1389960,"[""https://drsiew.com/wp-content/uploads/estee-lauder-advanced-night-repair-review.jpg""]",2025-03-28 16:19:26.973915,2025-03-28 16:19:26.973915,,"[""Serum""]"
Lancôme Advanced Génifique Youth Activating Serum 75ml,Jumbo version of the youth-enhancing serum enriched with pre- and probiotics to boost radiance and elasticity.,1790910,"[""https://i.ebayimg.com/images/g/rrAAAOSw5-plCzYY/s-l1200.jpg""]",2025-03-28 16:19:26.973915,2025-03-28 16:19:26.973915,,"[""Serum""]"
Aurelia Probiotic Skincare Revitalise & Glow Serum 30ml,Lightweight serum with probiotics and plant botanicals that revives dull skin and promotes a natural glow.,1013760,"[""https://www.aurelialondon.com/cdn/shop/files/Revitalise_GlowSerum_30ml__PDPIMAGE_ASSET1.jpg?format=webp&v=1736766832&width=1404""]",2025-03-28 16:19:26.973915,2025-03-28 16:19:26.973915,,"[""Serum""]"
Estée Lauder Perfectionist Pro Multi-Defense Aqua UV Gel SPF 50 with 8 Anti-Oxidants,A protective gel-serum that shields skin from UV rays and pollution while delivering hydration and antioxidant defense.,641520,"[""https://m.esteelauder.com/media/export/cms/products/308x424/el_sku_P7X401_308x424_0.jpg""]",2025-03-28 16:19:26.973915,2025-03-28 16:19:26.973915,,"[""Serum""]"
L'Oréal Paris Hydra Genius Liquid Care Moisturiser Combination Skin 70ml,Gel-based moisturizer infused with aloe water and hyaluronic acid for long-lasting hydration and a fresh matte finish.,197802,"[""https://sohaticare.com/cdn/shop/products/2_1080x_4a6a5642-db6c-44e5-89c7-892fb93ce90b.jpg?v=1606844227""]",2025-03-28 16:19:26.973915,2025-03-28 16:19:26.973915,,"[""Serum""]"
NIP+FAB Salicylic Fix Serum Extreme 2% 50ml,"High-strength salicylic acid serum that unclogs pores, controls oil, and targets blemishes effectively.",395010,"[""https://m.media-amazon.com/images/I/61sWF-CiYRL.jpg""]",2025-03-28 16:19:26.973915,2025-03-28 16:19:26.973915,,"[""Serum""]"
Sukin Hydration Biomarine Facial Serum 30ml,"Hydrating serum powered by sea algae, hyaluronic acid, and maize complex to deeply replenish moisture levels.",395010,"[""https://m.media-amazon.com/images/I/61XFBxyFFtL.jpg""]",2025-03-28 16:19:26.973915,2025-03-28 16:19:26.973915,,"[""Serum""]"
La Roche-Posay Hydraphase Intense Serum (30ml),Intense hydration serum with fragmented hyaluronic acid and thermal spring water to soothe and plump dry skin.,435600,"[""https://m.media-amazon.com/images/I/61xEj0FXdOL._AC_UF1000,1000_QL80_.jpg""]",2025-03-28 16:19:26.973915,2025-03-28 16:19:26.973915,,"[""Serum""]"
Lancôme Advanced Génifique Youth Activating Serum 115ml,"Supersize version of the bestselling serum that improves skin's texture, tone, and resilience with probiotic science.",2263140,"[""https://www.sephora.co.uk/img/products/107563/alternative/lancome_advanced_genifique_youth_activating_concentrate_115ml_118441_1654529144_main.jpg""]",2025-03-28 16:19:26.973915,2025-03-28 16:19:26.973915,,"[""Serum""]"
The Ordinary Marine Hyaluronics 30ml,Ultra-lightweight serum featuring marine-derived water reservoirs that deliver deep hydration without heaviness.,122760,"[""https://m.media-amazon.com/images/I/418uNA576HL.jpg""]",2025-03-28 16:19:26.973915,2025-03-28 16:19:26.973915,,"[""Serum""]"
Filorga Foam Cleanser 150ml,,396000,"[""https://int.filorga.com/wp-content/uploads/sites/2/2020/08/MOUSSE-DEMAQUILLANTE-Nettoyant-visage-avec-eau-1.png""]",2025-03-28 16:19:26.973915,2025-03-28 16:19:26.973915,,"[""Cleanser""]"
CeraVe Smoothing Cleanser 236ml,,237600,"[""https://africa.cerave.com/en/-/media/Project/Loreal/BrandSites/CeraVe/Master/AfricaHub/French/New-Product-Images/sa-smoothing-cleanser.png""]",2025-03-28 16:19:26.973915,2025-03-28 16:19:26.973915,,"[""Cleanser""]"
COSRX Low pH Good Morning Cleanser 150ml,,336600,"[""https://m.media-amazon.com/images/I/61UcS1QVdFS.jpg""]",2025-03-28 16:19:26.973915,2025-03-28 16:19:26.973915,,"[""Cleanser""]"
Eve Lom Cleanser 100ml,,1089000,"[""http://www.evelom.co.uk/cdn/shop/products/Artboard1_1_1200x1200.jpg?v=1738250430""]",2025-03-28 16:19:26.973915,2025-03-28 16:19:26.973915,,"[""Cleanser""]"
La Roche-Posay Effaclar Cleansing Gel 400ml,,366300,"[""https://m.media-amazon.com/images/I/61fD94+o7nL._AC_UF1000,1000_QL80_.jpg""]",2025-03-28 16:19:26.973915,2025-03-28 16:19:26.973915,,"[""Cleanser""]"
Clinique Liquid Facial Soap Oily Skin Formula 200ml,,346500,"[""https://d3pllp7nz3wmw5.cloudfront.net/product_images/04499180401_XL.jpg""]",2025-03-28 16:19:26.973915,2025-03-28 16:19:26.973915,,"[""Cleanser""]"
PIXI Glow Mud Cleanser 135ml,,356400,"[""https://www.pixibeauty.com/cdn/shop/files/cb081ab2-9e16-40a9-ae5c-be3db723c605.jpg?v=1737493906&width=1200""]",2025-03-28 16:19:26.973915,2025-03-28 16:19:26.973915,,"[""Cleanser""]"
Garnier Pure Active 3in1 Charcoal Blackhead Mask Wash Scrub 150ml,,98802,"[""https://africa.garnier.com/-/media/project/loreal/brand-sites/garnier/emea/za/en-za/new-pdp/skin-care/variant/3600541921122.jpg?rev=1217dc2a0a8e430babf8ddfafcb1d559&hash=272A9D3F067464FE274C5045AD5668D4""]",2025-03-28 16:19:26.973915,2025-03-28 16:19:26.973915,,"[""Cleanser""]"
Avène Gentle Milk Cleanser,,227700,"[""https://www.aveneusa.com/media/catalog/product/m/i/milkcleanser_720x1088.png?quality=100&fit=bounds&height=423&width=310&canvas=310:423""]",2025-03-28 16:19:26.973915,2025-03-28 16:19:26.973915,,"[""Cleanser""]"
Emma Hardie Moringa Cleansing Balm with Professional Cleansing Cloth 100ml,,930600,"[""https://m.media-amazon.com/images/I/71P875y4T2S._AC_UF1000,1000_QL80_.jpg""]",2025-03-28 16:19:26.973915,2025-03-28 16:19:26.973915,,"[""Cleanser""]"
The Ordinary Squalane Cleanser 50ml,,114840,"[""https://theordinary.com/dw/image/v2/BFKJ_PRD/on/demandware.static/-/Sites-deciem-master/default/dwc2d7f1a8/Images/products/The%20Ordinary/rdn-squalane-cleanser-50ml.png?sw=900&sh=900&sm=fit""]",2025-03-28 16:19:26.973915,2025-03-28 16:19:26.973915,,"[""Cleanser""]"
REN Clean Skincare Rosa Centifolia Cleansing Gel,,356400,"[""https://www.stregisboutique.com/images/products/xlrg/st-regis-ren-face-wash-STR-300-03-ROSACENTFOLIA-8_xlrg.webp""]",2025-03-28 16:19:26.973915,2025-03-28 16:19:26.973915,,"[""Cleanser""]"
Omorovicza Cleansing Foam Duo,,1445400,"[""https://cdn11.bigcommerce.com/s-15lu73319g/images/stencil/1280x1280/products/8726/28280/Cleaning-Foam__115__18454.1700057072.jpg?c=2""]",2025-03-28 16:19:26.973915,2025-03-28 16:19:26.973915,,"[""Cleanser""]"
Estée Lauder Nutritious Micro-Algae Cleansing Bar,,356400,"[""https://m.media-amazon.com/images/I/61GzJn3eIbL._SL1500_.jpg""]",2025-03-28 16:19:26.973915,2025-03-28 16:19:26.973915,,"[""Cleanser""]"
Liz Earle Cleanse & Polish 100ml Pump,,306900,"[""https://www.lizearle.com/dw/image/v2/BGJR_PRD/on/demandware.static/-/Sites-le-master-catalog/default/dwa8281031/images/cleanse/classic/100ml-pump/C&P-100ml-pump-cloths-CPPUMP.jpg?sw=586&sh=586&sm=fit&q=85""]",2025-03-28 16:19:26.973915,2025-03-28 16:19:26.973915,,"[""Cleanser""]"
CeraVe Hydrating Cleanser 236ml,,188100,"[""https://lyskin.com/wp-content/uploads/2019/05/lyskin-cerave-CER00002.jpg""]",2025-03-28 16:19:26.973915,2025-03-28 16:19:26.973915,,"[""Cleanser""]"
Garnier Vitamin Enriched Cleansing Wipes (25 Pack),,53262,"[""https://static.thcdn.com/productimg/1600/1600/11171629-9388569340101332.jpg""]",2025-03-28 16:19:26.973915,2025-03-28 16:19:26.973915,,"[""Cleanser""]"
Bioderma Hybrabio H2O 500ml Duo Pack,,366300,"[""https://lookaside.fbsbx.com/lookaside/crawler/media/?media_id=2846139112132392""]",2025-03-28 16:19:26.973915,2025-03-28 16:19:26.973915,,"[""Cleanser""]"
NIOD Sanskrit Saponins Cleanser 90ml,,415800,"[""https://images.squarespace-cdn.com/content/v1/541d14f8e4b09246971df445/1482300807871-6U20D4MPPRYI0NRF260H/niod-sanskrit-saponins2.jpg?format=500w""]",2025-03-28 16:19:26.973915,2025-03-28 16:19:26.973915,,"[""Cleanser""]"
Murad Clarifying Cleanser 200ml,,495000,"[""http://www.murad.com/cdn/shop/products/10092-main__88135.1648139472.1280.1280.png?v=1707342225""]",2025-03-28 16:19:26.973915,2025-03-28 16:19:26.973915,,"[""Cleanser""]"
Emma Hardie Moringa Light Cleansing Gel 100ml,,673200,"[""https://shop.emmahardie.com/cdn/shop/files/MORINGAGEL_EDITED_2.png?v=1739203682&width=1946""]",2025-03-28 16:19:26.973915,2025-03-28 16:19:26.973915,,"[""Cleanser""]"
Avene Cold Cream Ultra Rich Cleansing Bar,,99000,"[""https://www.easypara.com/media/catalog/product/4/8/48974.jpg?optimize=medium&bg-color=255,255,255&fit=bounds&height=700&width=700&canvas=700:700""]",2025-03-28 16:19:26.973915,2025-03-28 16:19:26.973915,,"[""Cleanser""]"
Clinique Take the Day off Cleansing Balm 30ml,,178200,"[""https://m.clinique.com/media/export/cms/products/1200x1500/cl_sku_6CY401_1200x1500_0.png""]",2025-03-28 16:19:26.973915,2025-03-28 16:19:26.973915,,"[""Cleanser""]"
Avene Face Essentials Cleansing Foam 150ml,,267300,"[""https://www.aveneusa.com/media/catalog/product/a/v/avene-essentiel_cleansing-foam_front_150ml_1000x830.jpg?quality=100&fit=bounds&height=1000&width=1000&canvas=1000:1000""]",2025-03-28 16:19:26.973915,2025-03-28 16:19:26.973915,,"[""Cleanser""]"
PIXI Vitamin-C Juice Cleanser 150ml,,356400,"[""https://www.pixibeauty.com/cdn/shop/products/Vitamin-C_Juice_Cleanser-WEB-600x600.jpg?v=1740179573&width=1200""]",2025-03-28 16:19:26.973915,2025-03-28 16:19:26.973915,,"[""Cleanser""]"
Clinique Pep-Start 2-in-1 Exfoliating Cleanser 125ml,,326700,"[""https://lookaside.instagram.com/seo/google_widget/crawler/?media_id=3554733665147068748""]",2025-03-28 16:19:26.973915,2025-03-28 16:19:26.973915,,"[""Cleanser""]"
Neal's Yard Remedies Rehydrating Rose Facial Wash 100ml,,336600,"[""http://www.nealsyardremedies.com/cdn/shop/files/neals-yard-remedies-skincare-morris-co-x-rehydrating-rose-face-wash-100ml-41956680761564.jpg?v=1734408839""]",2025-03-28 16:19:26.973915,2025-03-28 16:19:26.973915,,"[""Cleanser""]"
Neutrogena Hydro Boost Water Gel Cleanser 200ml,,158202,"[""https://m.media-amazon.com/images/I/516-GLzE6VL.jpg""]",2025-03-28 16:19:26.973915,2025-03-28 16:19:26.973915,,"[""Cleanser""]"
NIP+FAB Teen Skin Fix Pore Blaster Day Wash 145ml,,138402,"[""https://www.nipandfab.com/cdn/shop/products/SKTESJWD145_1.jpg?v=1655412052&width=1946""]",2025-03-28 16:19:26.973915,2025-03-28 16:19:26.973915,,"[""Cleanser""]"
Gallinée Prebiotic Cleansing Bar 100g,,168300,"[""http://thefrenchpharmacy.co/cdn/shop/files/templateproductsshopify_48.png?v=1703695477""]",2025-03-28 16:19:26.973915,2025-03-28 16:19:26.973915,,"[""Cleanser""]"
Bobbi Brown Soothing Cleansing Oil 200ml,,693000,"[""https://m.media-amazon.com/images/I/51kbelFxUsL._AC_UF1000,1000_QL80_.jpg""]",2025-03-28 16:19:26.973915,2025-03-28 16:19:26.973915,,"[""Cleanser""]"
First Aid Beauty Face Cleanser (142g),,316800,"[""https://www.firstaidbeauty.com/cdn/shop/files/PureSkinFaceCleanser_AltImages_Repack_2000x2000_3.jpg?v=1716226630&width=1946""]",2025-03-28 16:19:26.973915,2025-03-28 16:19:26.973915,,"[""Cleanser""]"
Avène Cleanance Cleansing Gel 200ml,,237600,"[""https://notesbyalice.co.uk/wp-content/uploads/2020/08/Alice-Low-Self-Esteem-17-1.jpg""]",2025-03-28 16:19:26.973915,2025-03-28 16:19:26.973915,,"[""Cleanser""]"
Garnier Micellar Water Oil Infused Facial Cleanser and Makeup Remover 400ml,,118602,"[""https://www.lookfantastic.com/images?url=https://static.thcdn.com/productimg/original/11299916-2115079904656924.jpg&format=webp&auto=avif&width=985&height=985&fit=cover""]",2025-03-28 16:19:26.973915,2025-03-28 16:19:26.973915,,"[""Cleanser""]"
La Roche-Posay Effaclar Purifying Cleansing Gel 200ml,,247500,"[""https://m.media-amazon.com/images/I/61fD94+o7nL._AC_UF1000,1000_QL80_.jpg""]",2025-03-28 16:19:26.973915,2025-03-28 16:19:26.973915,,"[""Cleanser""]"
Neutrogena® Oil Balancing Facial Wash 200ml,,93258,"[""https://images.ctfassets.net/b7vjv6cc1lvj/1apYsvf0Az3QfCJFckYWl4/91dadff65590dda85fb79ce7946bcd8d/221017_s18_oil_balancing_face_wash_lr_1-en-gb-Neutrogena""]",2025-03-28 16:19:26.973915,2025-03-28 16:19:26.973915,,"[""Cleanser""]"
Medik8 Pore Cleanse Gel Intense 150ml,,415800,"[""https://www.medik8.com/cdn/shop/files/20230922-PDPAsset1-PoreCleanseGelIntense-Packshot-ROW.jpg?v=1707996271&width=1024""]",2025-03-28 16:19:26.973915,2025-03-28 16:19:26.973915,,"[""Cleanser""]"
Caudalie Micellar Cleansing Water 400ml ,,376200,"[""https://caudalie-europe.imgix.net/media/catalog/product/1/_/1_vinoclean_eau_micellaire_200ml_caudalie_packshot_offwhite.jpg?auto=format,compress&cs=srgb&fm=auto&w=200""]",2025-03-28 16:19:26.973915,2025-03-28 16:19:26.973915,,"[""Cleanser""]"
Liz Earle Cleanse & Polish 200ml Tube,,534600,"[""https://www.lizearle.com/dw/image/v2/BGJR_PRD/on/demandware.static/-/Sites-le-master-catalog/default/dw53c5a1bc/images/cleanse/classic/200ml-tube/LIZ-EARLE_C&P-200ml-tube-F01114-PDP-LIFESTYLE-NEW-DESKTOP-3000x3000.jpg?sw=586&sh=586&sm=fit&q=85""]",2025-03-28 16:19:26.973915,2025-03-28 16:19:26.973915,,"[""Cleanser""]"
philosophy Purity One-Step Facial Cleanser 480ml,,594000,"[""https://philosophy.com/cdn/shop/files/02_PHS_PUR_23_Digital_one-step_facial_cleanser_group_022_HERO_16oz.jpg?v=1723232367""]",2025-03-28 16:19:26.973915,2025-03-28 16:19:26.973915,,"[""Cleanser""]"
COSRX Salicylic Acid Daily Gentle Cleanser 170g,,168300,"[""https://m.media-amazon.com/images/I/61ic3PbK8oL._AC_UF1000,1000_QL80_.jpg""]",2025-03-28 16:19:26.973915,2025-03-28 16:19:26.973915,,"[""Cleanser""]"
Clinique Redness Solutions Soothing Cleanser 150ml,,376200,"[""https://m.clinique.com/media/export/cms/products/1200x1500/cl_sku_6L4N01_1200x1500_0.png""]",2025-03-28 16:19:26.973915,2025-03-28 16:19:26.973915,,"[""Cleanser""]"
bareMinerals Clay Chameleon Transforming Purifying Cleanser 120g,,225720,"[""https://www.kroger.com/product/images/large/front/0009813244566""]",2025-03-28 16:19:26.973915,2025-03-28 16:19:26.973915,,"[""Cleanser""]"
Caudalie Instant Foaming Cleanser (150ml),,297000,"[""https://caudalie-europe.imgix.net/media/catalog/product/3/_/3_vinoclean_mousse_ingredients_caudalie-en.jpg?auto=format,compress&cs=srgb&fm=auto&w=1200""]",2025-03-28 16:19:26.973915,2025-03-28 16:19:26.973915,,"[""Cleanser""]"
Eve Lom Cleanser 200ml,,1683000,"[""http://www.evelom.com/cdn/shop/products/Artboard1_1_1200x1200.jpg?v=1738250688""]",2025-03-28 16:19:26.973915,2025-03-28 16:19:26.973915,,"[""Cleanser""]"
Garnier Micellar Water Facial Cleanser and Makeup Remover for Sensitive Skin 400ml,,98802,"[""https://m.media-amazon.com/images/I/71Pe1fxadeL.jpg""]",2025-03-28 16:19:26.973915,2025-03-28 16:19:26.973915,,"[""Cleanser""]"
L'Oréal Paris Age Perfect Cleansing Wipes for Mature Skin (25 Wipes),,98802,"[""https://static.thcdn.com/images/large/original//productimg/1600/1600/10487892-5264927994701566.jpg""]",2025-03-28 16:19:26.973915,2025-03-28 16:19:26.973915,,"[""Cleanser""]"
Bulldog Oil Control Face Wash 150ml,,66924,"[""http://uk.bulldogskincare.com/cdn/shop/files/B01G98NOLS_MAIN_jpg_1000x_f741dbf4-384d-473c-add0-97de74d3a74a.webp?v=1708101482""]",2025-03-28 16:19:26.973915,2025-03-28 16:19:26.973915,,"[""Cleanser""]"
REN Evercalm™ Gentle Cleansing Milk 150ml,,396000,"[""https://www.renskincare.com/cdn/shop/files/REN_EVERCALM_MINI_GentleCleansingMilk_50ml_PACKSHOT_WithShadow_2000x2000px.jpg?v=1733412390""]",2025-03-28 16:19:26.973915,2025-03-28 16:19:26.973915,,"[""Cleanser""]"
FARMACY Green Clean Make Up Meltaway Cleansing Balm 100ml,,633600,"[""https://www.farmacybeauty.com/cdn/shop/products/s1899103-av-01.jpg?v=1676576306""]",2025-03-28 16:19:26.973915,2025-03-28 16:19:26.973915,,"[""Cleanser""]"
Caudalie Supersize Grape Water (200ml),,217800,"[""https://cestlasvi.wordpress.com/wp-content/uploads/2017/12/10306437-1390843482-361999.jpg""]",2025-03-28 16:19:26.973915,2025-03-28 16:19:26.973915,,"[""Toner""]"
Avant Skincare Proactive Mandelic Acid Restoring and Anti-Pollution Toner 200ml,,1504800,"[""https://avant-skincare.com/cdn/shop/files/AV071_5060762540621_Proactive_Mandelic_Acid_Restoring_Anti-Pollution_Toner_Product_600x.jpg?v=1741096140""]",2025-03-28 16:19:26.973915,2025-03-28 16:19:26.973915,,"[""Toner""]"
PIXI Milky Tonic 100ml,,198000,"[""https://www.pixibeauty.com/cdn/shop/products/MilkyTonic100mlJUL2020_2_grande.jpg?v=1701461685""]",2025-03-28 16:19:26.973915,2025-03-28 16:19:26.973915,,"[""Toner""]"
PIXI Glow Tonic 250ml,,356400,"[""https://www.pixibeauty.com/cdn/shop/products/GlowTonic-250ml-MAY19_5.jpg?v=1701458044&width=1200""]",2025-03-28 16:19:26.973915,2025-03-28 16:19:26.973915,,"[""Toner""]"
Pai Lotus and Orange Blossom BioAffinity Toner 50ml,,594000,"[""https://www.paiskincare.us/cdn/shop/products/PAI-CENTURY_FLOWER_NEW_4_600x.jpg?v=1718198704""]",2025-03-28 16:19:26.973915,2025-03-28 16:19:26.973915,,"[""Toner""]"
By Terry Detoxilyn City Essence Toner,,1227600,[],2025-03-28 16:19:26.973915,2025-03-28 16:19:26.973915,,"[""Toner""]"
Clinique Clarifying Lotion 2 200ml,,356400,"[""https://i.ebayimg.com/images/g/oYIAAOSwqL9g76p-/s-l1200.jpg""]",2025-03-28 16:19:26.973915,2025-03-28 16:19:26.973915,,"[""Toner""]"
Sanctuary Spa Daily Glow Radiance Tonic 150ml,,198000,[],2025-03-28 16:19:26.973915,2025-03-28 16:19:26.973915,,"[""Toner""]"
PIXI Rose Tonic 250ml,,356400,"[""https://www.pixibeauty.com/cdn/shop/files/pixi_skintreats_rosetonic_2021.jpg?v=1701465542""]",2025-03-28 16:19:26.973915,2025-03-28 16:19:26.973915,,"[""Toner""]"
Oh K! SOS PH Balancing Gel Toner,,237600,[],2025-03-28 16:19:26.973915,2025-03-28 16:19:26.973915,,"[""Toner""]"
StriVectin Tri-Phase Daily Glow Toner 147ml,,574200,[],2025-03-28 16:19:26.973915,2025-03-28 16:19:26.973915,,"[""Toner""]"
DECLÉOR Aroma Cleanse Essential Tonifying Lotion (200ml),,514800,"[""https://m.media-amazon.com/images/I/51ZDsTLV9XS.jpg""]",2025-03-28 16:19:26.973915,2025-03-28 16:19:26.973915,,"[""Toner""]"
Natio Rosewater & Chamomile Gentle Skin Toner (250ml),,134640,[],2025-03-28 16:19:26.973915,2025-03-28 16:19:26.973915,,"[""Toner""]"
Murad Hydrating Toner 180ml,,511632,[],2025-03-28 16:19:26.973915,2025-03-28 16:19:26.973915,,"[""Toner""]"
Liz Earle Instant Boost Skin Tonic 200ml Bottle,,316800,[],2025-03-28 16:19:26.973915,2025-03-28 16:19:26.973915,,"[""Toner""]"
Clinique Clarifying Lotion 3 400ml,,554400,"[""https://images.asos-media.com/products/clinique-clarifying-lotion-3-400ml/10334271-2?$n_640w$&wid=513&fit=constrain""]",2025-03-28 16:19:26.973915,2025-03-28 16:19:26.973915,,"[""Toner""]"
The Ritual of Namasté Clarifying Facial Toner,,235620,[],2025-03-28 16:19:26.973915,2025-03-28 16:19:26.973915,,"[""Toner""]"
Bobbi Brown Extra Treatment Lotion 150ml,,960300,[],2025-03-28 16:19:26.973915,2025-03-28 16:19:26.973915,,"[""Toner""]"
REN Clean Skincare Clarimatte Clarifying Toner,,356400,[],2025-03-28 16:19:26.973915,2025-03-28 16:19:26.973915,,"[""Toner""]"
Pai Skincare Rice Plant and Rosemary BioAffinity Skin Tonic 50ml,,594000,[],2025-03-28 16:19:26.973915,2025-03-28 16:19:26.973915,,"[""Toner""]"
Embryolisse Eau De Beaute Rosamelis - Flower Waters Toner 50ml,,118602,[],2025-03-28 16:19:26.973915,2025-03-28 16:19:26.973915,,"[""Toner""]"
La Roche-Posay Soothing Lotion 200ml,,247500,[],2025-03-28 16:19:26.973915,2025-03-28 16:19:26.973915,,"[""Toner""]"
PIXI Milky Tonic 250ml,,356400,[],2025-03-28 16:19:26.973915,2025-03-28 16:19:26.973915,,"[""Toner""]"
Lancôme Tonique Douceur Toner 400ml,,739530,[],2025-03-28 16:19:26.973915,2025-03-28 16:19:26.973915,,"[""Toner""]"
Weleda Refining Toner (100ml),,236610,[],2025-03-28 16:19:26.973915,2025-03-28 16:19:26.973915,,"[""Toner""]"
PIXI Rose Tonic 100ml,,198000,[],2025-03-28 16:19:26.973915,2025-03-28 16:19:26.973915,,"[""Toner""]"
Holika Holika Good Cera Super Ceramide Toner,,395010,[],2025-03-28 16:19:26.973915,2025-03-28 16:19:26.973915,,"[""Toner""]"
Garnier Natural Rose Water Toner for Sensitive Skin 200ml,,118602,[],2025-03-28 16:19:26.973915,2025-03-28 16:19:26.973915,,"[""Toner""]"
Garnier Organic Thyme Toner 150ml,,118602,[],2025-03-28 16:19:26.973915,2025-03-28 16:19:26.973915,,"[""Toner""]"
Peter Thomas Roth Glycolic Acid 8% Toner,,673200,[],2025-03-28 16:19:26.973915,2025-03-28 16:19:26.973915,,"[""Toner""]"
Darphin Intral Toner (200ml),,594000,[],2025-03-28 16:19:26.973915,2025-03-28 16:19:26.973915,,"[""Toner""]"
L'Oréal Paris Fine Flowers Cleansing Toner 400ml,,118602,[],2025-03-28 16:19:26.973915,2025-03-28 16:19:26.973915,,"[""Toner""]"
Mavala Clean & Comfort Caress Toning Lotion 200ml,,198000,[],2025-03-28 16:19:26.973915,2025-03-28 16:19:26.973915,,"[""Toner""]"
Lancôme Tonique Confort Toner 400ml,,739530,[],2025-03-28 16:19:26.973915,2025-03-28 16:19:26.973915,,"[""Toner""]"
Sukin Mist Lavender Toner 125ml,,157410,[],2025-03-28 16:19:26.973915,2025-03-28 16:19:26.973915,,"[""Toner""]"
Gallinée Prebiotic Face Vinegar 200ml,,387090,[],2025-03-28 16:19:26.973915,2025-03-28 16:19:26.973915,,"[""Toner""]"
A'kin Rose Mist Toner 150ml,,247500,[],2025-03-28 16:19:26.973915,2025-03-28 16:19:26.973915,,"[""Toner""]"
La Roche-Posay Serozinc Toner 50ml,,99000,[],2025-03-28 16:19:26.973915,2025-03-28 16:19:26.973915,,"[""Toner""]"
NIP+FAB Salicylic Fix Tonic XXL Extreme 2% 190ml,,395010,[],2025-03-28 16:19:26.973915,2025-03-28 16:19:26.973915,,"[""Toner""]"
Neal's Yard Remedies Rehydrating Rose Toner 200ml,,316800,[],2025-03-28 16:19:26.973915,2025-03-28 16:19:26.973915,,"[""Toner""]"
Avène Gentle Toner 200ml,,170874,[],2025-03-28 16:19:26.973915,2025-03-28 16:19:26.973915,,"[""Toner""]"
Holika Holika Aloe Soothing Essence 98% Toner,,414810,[],2025-03-28 16:19:26.973915,2025-03-28 16:19:26.973915,,"[""Toner""]"
PIXI Retinol Tonic 250ml,,356400,[],2025-03-28 16:19:26.973915,2025-03-28 16:19:26.973915,,"[""Toner""]"
GLAMGLOW Supertoner 200ml,,574200,[],2025-03-28 16:19:26.973915,2025-03-28 16:19:26.973915,,"[""Toner""]"
AromaWorks Purity Face Toner 100ml,,257202,[],2025-03-28 16:19:26.973915,2025-03-28 16:19:26.973915,,"[""Toner""]"
The Organic Pharmacy Herbal Toner 100ml,,693000,[],2025-03-28 16:19:26.973915,2025-03-28 16:19:26.973915,,"[""Toner""]"
NIP+FAB Vitamin C Fix Tonic 100ml,,395010,[],2025-03-28 16:19:26.973915,2025-03-28 16:19:26.973915,,"[""Toner""]"
Holika Holika Less On Skin Toner,,434610,[],2025-03-28 16:19:26.973915,2025-03-28 16:19:26.973915,,"[""Toner""]"
Caudalie Grape Water 75ml,,118800,[],2025-03-28 16:19:26.973915,2025-03-28 16:19:26.973915,,"[""Toner""]"
First Aid Beauty Ultra Repair Wild Oat Soothing Toner 180ml,,376200,[],2025-03-28 16:19:26.973915,2025-03-28 16:19:26.973915,,"[""Toner""]"
First Aid Beauty KP Bump Eraser Body Scrub with 10% AHA 226ml,,435600,[],2025-03-28 16:19:26.973915,2025-03-28 16:19:26.973915,,"[""Exfoliator""]"
Sukin Super Greens Facial Scrub 125ml,,197802,[],2025-03-28 16:19:26.973915,2025-03-28 16:19:26.973915,,"[""Exfoliator""]"
Sukin Energising Body Scrub with Coffee and Coconut 200ml,,236610,[],2025-03-28 16:19:26.973915,2025-03-28 16:19:26.973915,,"[""Exfoliator""]"
Frank Body Original Face Scrub Pouch,,98010,[],2025-03-28 16:19:26.973915,2025-03-28 16:19:26.973915,,"[""Exfoliator""]"
Gallinée Prebiotic Face Mask and Scrub 100ml,,302940,[],2025-03-28 16:19:26.973915,2025-03-28 16:19:26.973915,,"[""Exfoliator""]"
Talika Skintelligence Hydra Face Gentle Scrub 50ml,,552420,[],2025-03-28 16:19:26.973915,2025-03-28 16:19:26.973915,,"[""Exfoliator""]"
L'Oréal Paris Smooth Sugars Glowing Sugar Scrub 50ml,,158202,[],2025-03-28 16:19:26.973915,2025-03-28 16:19:26.973915,,"[""Exfoliator""]"
benefit Smooth It Off 2-in-1 Facial Cleansing Exfoliator ,,425700,[],2025-03-28 16:19:26.973915,2025-03-28 16:19:26.973915,,"[""Exfoliator""]"
Holika Holika Pig Nose Clear Blackhead Cleansing Sugar Scrub,,197010,[],2025-03-28 16:19:26.973915,2025-03-28 16:19:26.973915,,"[""Exfoliator""]"
JASON Brightening Apricot Scrubble (128ml),,118602,[],2025-03-28 16:19:26.973915,2025-03-28 16:19:26.973915,,"[""Exfoliator""]"
L'Oréal Paris Smooth Sugars Nourishing Sugar Scrub 50ml,,158202,[],2025-03-28 16:19:26.973915,2025-03-28 16:19:26.973915,,"[""Exfoliator""]"
Clinique 7 Day Scrub Cream Rinse-Off Formula 100ml,,415800,[],2025-03-28 16:19:26.973915,2025-03-28 16:19:26.973915,,"[""Exfoliator""]"
L'Oréal Paris Smooth Sugar Wake-Up Coffee Face and Lip Scrub 50ml,,197802,[],2025-03-28 16:19:26.973915,2025-03-28 16:19:26.973915,,"[""Exfoliator""]"
Frank Body Cacao Coffee Scrub 200g,,276210,[],2025-03-28 16:19:26.973915,2025-03-28 16:19:26.973915,,"[""Exfoliator""]"
Clinique Exfoliating Scrub 100ml,,415800,[],2025-03-28 16:19:26.973915,2025-03-28 16:19:26.973915,,"[""Exfoliator""]"
Elizabeth Arden Visible Difference Skin Balancing Exfoliating Cleanser (125ml),,356400,[],2025-03-28 16:19:26.973915,2025-03-28 16:19:26.973915,,"[""Exfoliator""]"
Avene Gentle Exfoliating Scrub 75ml,,257400,[],2025-03-28 16:19:26.973915,2025-03-28 16:19:26.973915,,"[""Exfoliator""]"
Liz Earle Gentle Face Exfoliator 70ml Pump,,326700,[],2025-03-28 16:19:26.973915,2025-03-28 16:19:26.973915,,"[""Exfoliator""]"
Natio Gentle Facial Scrub (100g),,198000,[],2025-03-28 16:19:26.973915,2025-03-28 16:19:26.973915,,"[""Exfoliator""]"
ELEMIS Superfood Blackcurrant Jelly Exfoliator 50ml,,554400,[],2025-03-28 16:19:26.973915,2025-03-28 16:19:26.973915,,"[""Exfoliator""]"
Filorga Scrub and Mask 55ml,,871200,[],2025-03-28 16:19:26.973915,2025-03-28 16:19:26.973915,,"[""Exfoliator""]"
Natio Dual Action Cleanser And Exfoliator (100g),,237600,[],2025-03-28 16:19:26.973915,2025-03-28 16:19:26.973915,,"[""Exfoliator""]"
Sanctuary Spa Complexion Perfecting Radiance Exfoliator 100ml,,198000,[],2025-03-28 16:19:26.973915,2025-03-28 16:19:26.973915,,"[""Exfoliator""]"
Avant Skincare Velvet Perfecting Rose Sugar Lip Scrub 10ml,,1148400,[],2025-03-28 16:19:26.973915,2025-03-28 16:19:26.973915,,"[""Exfoliator""]"
L'Oréal Paris Smooth Sugars Clearing Sugar Scrub 50ml,,158202,[],2025-03-28 16:19:26.973915,2025-03-28 16:19:26.973915,,"[""Exfoliator""]"
Neutrogena Oil Balancing Daily Exfoliator 150ml,,93258,[],2025-03-28 16:19:26.973915,2025-03-28 16:19:26.973915,,"[""Exfoliator""]"
Frank Body Peppermint Scrub 200g,,276210,[],2025-03-28 16:19:26.973915,2025-03-28 16:19:26.973915,,"[""Exfoliator""]"
Garnier Pure Active Daily Energising Gel Scrub for Oily Skin 150ml,,98802,[],2025-03-28 16:19:26.973915,2025-03-28 16:19:26.973915,,"[""Exfoliator""]"
Frank Body Creamy Face Scrub 125ml,,315810,[],2025-03-28 16:19:26.973915,2025-03-28 16:19:26.973915,,"[""Exfoliator""]"
Löwengrip Advanced Skin Care Cell Renewal Facial Exfoliant 75ml,,851400,[],2025-03-28 16:19:26.973915,2025-03-28 16:19:26.973915,,"[""Exfoliator""]"
Chantecaille Hibiscus and Bamboo Exfoliating Cream,,1445400,[],2025-03-28 16:19:26.973915,2025-03-28 16:19:26.973915,,"[""Exfoliator""]"
DECLÉOR 1000 Grain Body Exfoliator (200ml),,415800,[],2025-03-28 16:19:26.973915,2025-03-28 16:19:26.973915,,"[""Exfoliator""]"
Neutrogena Hydro Boost Exfoliator Smoothing Gel 150ml,,158202,[],2025-03-28 16:19:26.973915,2025-03-28 16:19:26.973915,,"[""Exfoliator""]"
bareMinerals Poreless Exfoliating Essence 150ml,,435600,[],2025-03-28 16:19:26.973915,2025-03-28 16:19:26.973915,,"[""Exfoliator""]"
Löwengrip Purify my Skin Facial Scrub 75ml,,356400,[],2025-03-28 16:19:26.973915,2025-03-28 16:19:26.973915,,"[""Exfoliator""]"
Polaar Arctic Cotton Gentle Scrub 50ml,,495000,[],2025-03-28 16:19:26.973915,2025-03-28 16:19:26.973915,,"[""Exfoliator""]"
Lancôme Confort Hydrating Gentle Sugar Scrub 100ml,,543510,[],2025-03-28 16:19:26.973915,2025-03-28 16:19:26.973915,,"[""Exfoliator""]"
NUXE Fondant Body Scrub (200ml),,366300,[],2025-03-28 16:19:26.973915,2025-03-28 16:19:26.973915,,"[""Exfoliator""]"
Neutrogena Refreshingly Clear Daily Exfoliator 150ml,,98802,[],2025-03-28 16:19:26.973915,2025-03-28 16:19:26.973915,,"[""Exfoliator""]"
Frank Body Lip Scrub 15ml,,177210,[],2025-03-28 16:19:26.973915,2025-03-28 16:19:26.973915,,"[""Exfoliator""]"
Frank Body Original Coffee Scrub 200g,,256410,[],2025-03-28 16:19:26.973915,2025-03-28 16:19:26.973915,,"[""Exfoliator""]"
Oh K! Chok Chok Shimmer Face Scrub,,198000,[],2025-03-28 16:19:26.973915,2025-03-28 16:19:26.973915,,"[""Exfoliator""]"
The Ritual of Namasté Skin Brightening Face Exfoliator,,255420,[],2025-03-28 16:19:26.973915,2025-03-28 16:19:26.973915,,"[""Exfoliator""]"
Dr Brandt Microdermabrasion Skin Exfoliant (60g),,1267200,[],2025-03-28 16:19:26.973915,2025-03-28 16:19:26.973915,,"[""Exfoliator""]"
NYX Professional Makeup This is Everything Lip Scrub,,118800,[],2025-03-28 16:19:26.973915,2025-03-28 16:19:26.973915,,"[""Exfoliator""]"
MAC Mineralize Volcanic Ash Exfoliator,,455400,[],2025-03-28 16:19:26.973915,2025-03-28 16:19:26.973915,,"[""Exfoliator""]"
Frank Body Coconut Coffee Scrub 200g,,276210,[],2025-03-28 16:19:26.973915,2025-03-28 16:19:26.973915,,"[""Exfoliator""]"
NIP+FAB Glycolic Fix Exfoliating Mask 18g,,138600,[],2025-03-28 16:19:26.973915,2025-03-28 16:19:26.973915,,"[""Exfoliator""]"
Sanctuary Spa Complexion Perfecting Radiance Mini Exfoliator 15ml,,59202,[],2025-03-28 16:19:26.973915,2025-03-28 16:19:26.973915,,"[""Exfoliator""]"
INIKA Phytofuse Renew Caviar Lime Exfoliator,,653400,[],2025-03-28 16:19:26.973915,2025-03-28 16:19:26.973915,,"[""Exfoliator""]"
Crystal Clear Revitalising Tonic 200ml,,415602,[],2025-03-28 16:19:26.973915,2025-03-28 16:19:26.973915,,"[""Mist""]"
La Roche-Posay Anthelios Anti-Shine Sun Protection Invisible SPF50+ Face Mist 75ml,,277200,[],2025-03-28 16:19:26.973915,2025-03-28 16:19:26.973915,,"[""Mist""]"
Dermalogica Age Smart Antioxidant Hydramist 150ml,,712800,[],2025-03-28 16:19:26.973915,2025-03-28 16:19:26.973915,,"[""Mist""]"
Garnier Organic Argan Mist 150ml,,118602,[],2025-03-28 16:19:26.973915,2025-03-28 16:19:26.973915,,"[""Mist""]"
Lumene Nordic Hydra [Lähde] Arctic Spring Water Enriched Facial Mist 100ml,,237600,[],2025-03-28 16:19:26.973915,2025-03-28 16:19:26.973915,,"[""Mist""]"
Chantecaille Pure Rosewater 100ml,,1287000,[],2025-03-28 16:19:26.973915,2025-03-28 16:19:26.973915,,"[""Mist""]"
Omorovicza Queen Of Hungary Mist (100ml),,1168200,[],2025-03-28 16:19:26.973915,2025-03-28 16:19:26.973915,,"[""Mist""]"
Jurlique Lavender Hydrating Mist 100ml,,633600,[],2025-03-28 16:19:26.973915,2025-03-28 16:19:26.973915,,"[""Mist""]"
Neutrogena Hydro Boost Express Hydrating Spray 200ml,,108702,[],2025-03-28 16:19:26.973915,2025-03-28 16:19:26.973915,,"[""Mist""]"
Omorovicza Queen of Hungary Mist 30ml,,396000,[],2025-03-28 16:19:26.973915,2025-03-28 16:19:26.973915,,"[""Mist""]"
Murad Prebiotic 3-in-1 MultiMist 100ml,,594000,[],2025-03-28 16:19:26.973915,2025-03-28 16:19:26.973915,,"[""Mist""]"
Revolution Skincare x Jake Jamie Tropical Quench Essence Spray 100ml,,118800,[],2025-03-28 16:19:26.973915,2025-03-28 16:19:26.973915,,"[""Mist""]"
Clinique Virtu-Oil Body Mist SPF30 144ml,,455400,[],2025-03-28 16:19:26.973915,2025-03-28 16:19:26.973915,,"[""Mist""]"
NUXE Refreshing Toning Mist 200ml,,306900,[],2025-03-28 16:19:26.973915,2025-03-28 16:19:26.973915,,"[""Mist""]"
Mauli Supreme Skin Rose Mist,,712800,[],2025-03-28 16:19:26.973915,2025-03-28 16:19:26.973915,,"[""Mist""]"
Sea Magik Sunsafe SPF50 Clear Spray 150ml,,315810,[],2025-03-28 16:19:26.973915,2025-03-28 16:19:26.973915,,"[""Mist""]"
Armani Prima Mist 100ml,,673200,[],2025-03-28 16:19:26.973915,2025-03-28 16:19:26.973915,,"[""Mist""]"
OSKIA SPF Vitamin Mist 100ml,,910800,[],2025-03-28 16:19:26.973915,2025-03-28 16:19:26.973915,,"[""Mist""]"
Piz Buin After Sun Instant Relief Mist Spray,,287100,[],2025-03-28 16:19:26.973915,2025-03-28 16:19:26.973915,,"[""Mist""]"
Rodial Dragon's Blood Essence 100ml,,752400,[],2025-03-28 16:19:26.973915,2025-03-28 16:19:26.973915,,"[""Mist""]"
PIXI Sun Mist 80ml,,356400,[],2025-03-28 16:19:26.973915,2025-03-28 16:19:26.973915,,"[""Mist""]"
BBB London Rosewater Mist 50ml,,435600,[],2025-03-28 16:19:26.973915,2025-03-28 16:19:26.973915,,"[""Mist""]"
PIXI Hydrating Milky Mist 80ml,,356400,[],2025-03-28 16:19:26.973915,2025-03-28 16:19:26.973915,,"[""Mist""]"
DHC Super Collagen Mist 50ml,,396000,[],2025-03-28 16:19:26.973915,2025-03-28 16:19:26.973915,,"[""Mist""]"
Jurlique Rosewater Balancing Mist (100ml),,594000,[],2025-03-28 16:19:26.973915,2025-03-28 16:19:26.973915,,"[""Mist""]"
Holika Holika Aloe Soothing Essence 98% Mist,,395010,[],2025-03-28 16:19:26.973915,2025-03-28 16:19:26.973915,,"[""Mist""]"
ULTRASUN CLEAR SPRAY SPF30 - SPORTS FORMULA (150ML),,514800,[],2025-03-28 16:19:26.973915,2025-03-28 16:19:26.973915,,"[""Mist""]"
Holika Holika Good Cera Super Ceramide Mist,,355410,[],2025-03-28 16:19:26.973915,2025-03-28 16:19:26.973915,,"[""Mist""]"
PIXI Vitamin Wakeup Mist 80ml,,316800,[],2025-03-28 16:19:26.973915,2025-03-28 16:19:26.973915,,"[""Mist""]"
Aveda Botanical Kinetics Toning Mist 150ml,,376200,[],2025-03-28 16:19:26.973915,2025-03-28 16:19:26.973915,,"[""Mist""]"
Eve Lom Face Mist 15ml,,237600,[],2025-03-28 16:19:26.973915,2025-03-28 16:19:26.973915,,"[""Mist""]"
Eve Lom Radiance Face Mist 48ml,,752400,[],2025-03-28 16:19:26.973915,2025-03-28 16:19:26.973915,,"[""Mist""]"
Garnier Ambre Solaire Dry Mist Fast Absorbing Sun Cream Spray SPF30 200ml,,158400,[],2025-03-28 16:19:26.973915,2025-03-28 16:19:26.973915,,"[""Mist""]"
Bloom and Blossom Rejuvenating Facial Spritz (100ml),,237600,[],2025-03-28 16:19:26.973915,2025-03-28 16:19:26.973915,,"[""Mist""]"
Natio Refreshing Face Mist (75ml),,166320,[],2025-03-28 16:19:26.973915,2025-03-28 16:19:26.973915,,"[""Mist""]"
Lumene Nordic C Valo Glow Refresh Hydrating Mist 50ml,,178200,[],2025-03-28 16:19:26.973915,2025-03-28 16:19:26.973915,,"[""Mist""]"
Laura Mercier Perfecting Water Moisture Mist 200ml,,613800,[],2025-03-28 16:19:26.973915,2025-03-28 16:19:26.973915,,"[""Mist""]"
Revolution Skincare CBD Essence Spray 100ml,,118800,[],2025-03-28 16:19:26.973915,2025-03-28 16:19:26.973915,,"[""Mist""]"
Revolution Skincare Caffeine Essence Spray 100ml,,118800,[],2025-03-28 16:19:26.973915,2025-03-28 16:19:26.973915,,"[""Mist""]"
Garnier Ambre Solaire Sensitive Hypoallergenic Dry Mist Sun Cream Spray SPF50 200ml,,138600,[],2025-03-28 16:19:26.973915,2025-03-28 16:19:26.973915,,"[""Mist""]"
Jurlique Lavender Hydrating Mist 50ml,,455400,[],2025-03-28 16:19:26.973915,2025-03-28 16:19:26.973915,,"[""Mist""]"
La Roche-Posay Toleriane Ultra 8 Face Mist 100ml,,386100,[],2025-03-28 16:19:26.973915,2025-03-28 16:19:26.973915,,"[""Mist""]"
Neal's Yard Remedies Goodnight Pillow Mist 45ml,,297000,[],2025-03-28 16:19:26.973915,2025-03-28 16:19:26.973915,,"[""Mist""]"
Jurlique Rosewater Balancing Mist 100ml,,633600,[],2025-03-28 16:19:26.973915,2025-03-28 16:19:26.973915,,"[""Mist""]"
ELEMIS Superfood Kefir-Tea Mist 100ml,,514800,[],2025-03-28 16:19:26.973915,2025-03-28 16:19:26.973915,,"[""Mist""]"
Natura Bissé C+C Vitamin Splash 200ml,,831600,[],2025-03-28 16:19:26.973915,2025-03-28 16:19:26.973915,,"[""Mist""]"
Garnier Ambre Solaire Natural Bronzer Quick Drying Dark Self Tan Face Mist 75ml,,99000,[],2025-03-28 16:19:26.973915,2025-03-28 16:19:26.973915,,"[""Mist""]"
Bondi Sands Self Tanning Mist 250ml - Dark,,237402,[],2025-03-28 16:19:26.973915,2025-03-28 16:19:26.973915,,"[""Mist""]"
Löwengrip Moisture on the go Facial Mist 100ml,,316800,[],2025-03-28 16:19:26.973915,2025-03-28 16:19:26.973915,,"[""Mist""]"
James Read Instant Bronzing Mist 200ml,,495000,[],2025-03-28 16:19:26.973915,2025-03-28 16:19:26.973915,,"[""Mist""]"
